assets/images/screenshots/alertfind-android/alertfind-android0.jpg,1080,1920
assets/images/screenshots/alertfind-android/alertfind-android1.jpg,1080,1920
assets/images/screenshots/alertfind-android/alertfind-android10.jpg,1080,1920
assets/images/screenshots/alertfind-android/alertfind-android11.jpg,1080,1920
assets/images/screenshots/alertfind-android/alertfind-android12.jpg,1080,1920
assets/images/screenshots/alertfind-android/alertfind-android13.jpg,1080,1920
assets/images/screenshots/alertfind-android/alertfind-android14.jpg,600,1024
assets/images/screenshots/alertfind-android/alertfind-android15.jpg,600,1024
assets/images/screenshots/alertfind-android/alertfind-android16.jpg,600,1024
assets/images/screenshots/alertfind-android/alertfind-android17.jpg,600,1024
assets/images/screenshots/alertfind-android/alertfind-android18.jpg,600,1024
assets/images/screenshots/alertfind-android/alertfind-android19.jpg,600,1024
assets/images/screenshots/alertfind-android/alertfind-android2.jpg,1080,1920
assets/images/screenshots/alertfind-android/alertfind-android20.jpg,600,1024
assets/images/screenshots/alertfind-android/alertfind-android21.jpg,600,1024
assets/images/screenshots/alertfind-android/alertfind-android22.jpg,600,1024
assets/images/screenshots/alertfind-android/alertfind-android23.jpg,600,1024
assets/images/screenshots/alertfind-android/alertfind-android24.jpg,600,1024
assets/images/screenshots/alertfind-android/alertfind-android25.jpg,600,1024
assets/images/screenshots/alertfind-android/alertfind-android3.jpg,1080,1920
assets/images/screenshots/alertfind-android/alertfind-android4.jpg,1080,1920
assets/images/screenshots/alertfind-android/alertfind-android5.jpg,1080,1920
assets/images/screenshots/alertfind-android/alertfind-android6.jpg,1080,1920
assets/images/screenshots/alertfind-android/alertfind-android7.jpg,1080,1920
assets/images/screenshots/alertfind-android/alertfind-android8.jpg,1080,1920
assets/images/screenshots/alertfind-android/alertfind-android9.jpg,1080,1920
assets/images/screenshots/alertfind-ios/alertfind-ios0.jpg,1242,2208
assets/images/screenshots/alertfind-ios/alertfind-ios1.jpg,1242,2208
assets/images/screenshots/alertfind-ios/alertfind-ios10.jpg,768,1024
assets/images/screenshots/alertfind-ios/alertfind-ios11.jpg,768,1024
assets/images/screenshots/alertfind-ios/alertfind-ios12.jpg,768,1024
assets/images/screenshots/alertfind-ios/alertfind-ios13.jpg,768,1024
assets/images/screenshots/alertfind-ios/alertfind-ios2.jpg,1242,2208
assets/images/screenshots/alertfind-ios/alertfind-ios3.jpg,1242,2208
assets/images/screenshots/alertfind-ios/alertfind-ios4.jpg,1242,2208
assets/images/screenshots/alertfind-ios/alertfind-ios5.jpg,2048,2732
assets/images/screenshots/alertfind-ios/alertfind-ios6.jpg,2048,2732
assets/images/screenshots/alertfind-ios/alertfind-ios7.jpg,2048,2732
assets/images/screenshots/alertfind-ios/alertfind-ios8.jpg,2048,2732
assets/images/screenshots/alertfind-ios/alertfind-ios9.jpg,768,1024
assets/images/screenshots/ana-w-tifli/ana-w-tifli0.jpg,768,1280
assets/images/screenshots/ana-w-tifli/ana-w-tifli1.jpg,768,1280
assets/images/screenshots/ana-w-tifli/ana-w-tifli2.jpg,768,1280
assets/images/screenshots/ana-w-tifli/ana-w-tifli3.jpg,768,1280
assets/images/screenshots/ana-w-tifli/ana-w-tifli4.jpg,768,1280
assets/images/screenshots/ana-w-tifli/ana-w-tifli5.jpg,768,1280
assets/images/screenshots/ana-w-tifli/ana-w-tifli6.jpg,768,1280
assets/images/screenshots/ana-w-tifli/ana-w-tifli7.jpg,768,1280
assets/images/screenshots/ems-android/ems-android0.jpg,1080,1920
assets/images/screenshots/ems-android/ems-android1.jpg,1080,1920
assets/images/screenshots/ems-android/ems-android10.jpg,613,906
assets/images/screenshots/ems-android/ems-android2.jpg,1080,1920
assets/images/screenshots/ems-android/ems-android3.jpg,1080,1846
assets/images/screenshots/ems-android/ems-android4.jpg,1080,1845
assets/images/screenshots/ems-android/ems-android5.jpg,1080,1845
assets/images/screenshots/ems-android/ems-android6.jpg,613,888
assets/images/screenshots/ems-android/ems-android7.jpg,613,932
assets/images/screenshots/ems-android/ems-android8.jpg,613,906
assets/images/screenshots/ems-android/ems-android9.jpg,613,906
assets/images/screenshots/ems-ios/ems-ios0.jpg,1242,2208
assets/images/screenshots/ems-ios/ems-ios1.jpg,1242,2208
assets/images/screenshots/ems-ios/ems-ios10.jpg,1536,2048
assets/images/screenshots/ems-ios/ems-ios11.jpg,1536,2048
assets/images/screenshots/ems-ios/ems-ios12.jpg,1536,2048
assets/images/screenshots/ems-ios/ems-ios13.jpg,1536,2048
assets/images/screenshots/ems-ios/ems-ios14.jpg,1536,2048
assets/images/screenshots/ems-ios/ems-ios2.jpg,1242,2208
assets/images/screenshots/ems-ios/ems-ios3.jpg,1242,2208
assets/images/screenshots/ems-ios/ems-ios4.jpg,1242,2208
assets/images/screenshots/ems-ios/ems-ios5.jpg,2048,2732
assets/images/screenshots/ems-ios/ems-ios6.jpg,2048,2732
assets/images/screenshots/ems-ios/ems-ios7.jpg,2048,2732
assets/images/screenshots/ems-ios/ems-ios8.jpg,2048,2732
assets/images/screenshots/ems-ios/ems-ios9.jpg,2048,2732
assets/images/screenshots/haddaf/haddaf0.jpg,1080,1920
assets/images/screenshots/haddaf/haddaf1.jpg,1080,1920
assets/images/screenshots/haddaf/haddaf10.jpg,600,1024
assets/images/screenshots/haddaf/haddaf11.jpg,600,1024
assets/images/screenshots/haddaf/haddaf12.jpg,1080,1920
assets/images/screenshots/haddaf/haddaf2.jpg,1080,1920
assets/images/screenshots/haddaf/haddaf3.jpg,1080,1920
assets/images/screenshots/haddaf/haddaf4.jpg,1080,1920
assets/images/screenshots/haddaf/haddaf5.jpg,1080,1920
assets/images/screenshots/haddaf/haddaf6.jpg,1080,1920
assets/images/screenshots/haddaf/haddaf7.jpg,600,1024
assets/images/screenshots/haddaf/haddaf8.jpg,600,1024
assets/images/screenshots/haddaf/haddaf9.jpg,600,1024
assets/images/screenshots/hawaa-world/hawaa-world0.jpg,1080,1920
assets/images/screenshots/hawaa-world/hawaa-world1.jpg,1080,1920
assets/images/screenshots/hawaa-world/hawaa-world10.jpg,600,1024
assets/images/screenshots/hawaa-world/hawaa-world11.jpg,600,1024
assets/images/screenshots/hawaa-world/hawaa-world12.jpg,600,1024
assets/images/screenshots/hawaa-world/hawaa-world13.jpg,600,1024
assets/images/screenshots/hawaa-world/hawaa-world14.jpg,600,1024
assets/images/screenshots/hawaa-world/hawaa-world2.jpg,1080,1920
assets/images/screenshots/hawaa-world/hawaa-world3.jpg,1080,1920
assets/images/screenshots/hawaa-world/hawaa-world4.jpg,1080,1920
assets/images/screenshots/hawaa-world/hawaa-world5.jpg,1080,1920
assets/images/screenshots/hawaa-world/hawaa-world6.jpg,1080,1920
assets/images/screenshots/hawaa-world/hawaa-world7.jpg,600,1024
assets/images/screenshots/hawaa-world/hawaa-world8.jpg,600,1024
assets/images/screenshots/hawaa-world/hawaa-world9.jpg,600,1024
assets/images/screenshots/molped-android/molped-android0.jpg,720,1280
assets/images/screenshots/molped-android/molped-android1.jpg,720,1280
assets/images/screenshots/molped-android/molped-android2.jpg,720,1280
assets/images/screenshots/molped-ios/molped-ios0.jpg,1242,2208
assets/images/screenshots/molped-ios/molped-ios1.jpg,1242,2208
assets/images/screenshots/molped-ios/molped-ios2.jpg,1242,2208
assets/images/screenshots/nabdat/nabdat0.jpg,541,960
assets/images/screenshots/nabdat/nabdat1.jpg,541,960
assets/images/screenshots/nabdat/nabdat2.jpg,541,960
assets/images/screenshots/nabdat/nabdat3.jpg,541,960
assets/images/screenshots/nabdat/nabdat4.jpg,541,960
assets/images/screenshots/rendy/rendy0.png,1080,1920
assets/images/screenshots/rendy/rendy1.png,1080,1920
assets/images/screenshots/rendy/rendy2.png,1080,1920
assets/images/screenshots/rendy/rendy3.png,1080,1920
assets/images/screenshots/rendy/rendy4.png,1080,1920
assets/images/screenshots/rendy/rendy5.png,1080,1920
assets/images/screenshots/rendy/rendy6.png,1080,1920
assets/images/screenshots/rendy/rendy7.png,1080,1920
assets/images/screenshots/sabbstaff/sabbstaff0.jpg,1080,1920
assets/images/screenshots/sabbstaff/sabbstaff1.jpg,1080,1920
assets/images/screenshots/sabbstaff/sabbstaff10.jpg,1080,1920
assets/images/screenshots/sabbstaff/sabbstaff11.jpg,1080,1920
assets/images/screenshots/sabbstaff/sabbstaff12.jpg,1080,1920
assets/images/screenshots/sabbstaff/sabbstaff13.jpg,1080,1920
assets/images/screenshots/sabbstaff/sabbstaff14.jpg,1080,1920
assets/images/screenshots/sabbstaff/sabbstaff15.jpg,1080,1920
assets/images/screenshots/sabbstaff/sabbstaff16.jpg,1080,1920
assets/images/screenshots/sabbstaff/sabbstaff17.jpg,1080,1920
assets/images/screenshots/sabbstaff/sabbstaff18.jpg,1080,1920
assets/images/screenshots/sabbstaff/sabbstaff19.jpg,1080,1920
assets/images/screenshots/sabbstaff/sabbstaff2.jpg,1080,1920
assets/images/screenshots/sabbstaff/sabbstaff3.jpg,1080,1920
assets/images/screenshots/sabbstaff/sabbstaff4.jpg,1080,1920
assets/images/screenshots/sabbstaff/sabbstaff5.jpg,1080,1920
assets/images/screenshots/sabbstaff/sabbstaff6.jpg,1080,1920
assets/images/screenshots/sabbstaff/sabbstaff7.jpg,1080,1920
assets/images/screenshots/sabbstaff/sabbstaff8.jpg,1080,1920
assets/images/screenshots/sabbstaff/sabbstaff9.jpg,1080,1920
assets/images/screenshots/virgin-sa/virgin-sa0.jpg,1080,1920
assets/images/screenshots/virgin-sa/virgin-sa1.jpg,1080,1920
assets/images/screenshots/virgin-sa/virgin-sa10.jpg,1080,1920
assets/images/screenshots/virgin-sa/virgin-sa11.jpg,1080,1920
assets/images/screenshots/virgin-sa/virgin-sa12.jpg,1080,1920
assets/images/screenshots/virgin-sa/virgin-sa13.jpg,1080,1920
assets/images/screenshots/virgin-sa/virgin-sa14.jpg,1080,1920
assets/images/screenshots/virgin-sa/virgin-sa15.jpg,1080,1920
assets/images/screenshots/virgin-sa/virgin-sa2.jpg,1080,1920
assets/images/screenshots/virgin-sa/virgin-sa3.jpg,1080,1920
assets/images/screenshots/virgin-sa/virgin-sa4.jpg,1080,1920
assets/images/screenshots/virgin-sa/virgin-sa5.jpg,1080,1920
assets/images/screenshots/virgin-sa/virgin-sa6.jpg,1080,1920
assets/images/screenshots/virgin-sa/virgin-sa7.jpg,1080,1920
assets/images/screenshots/virgin-sa/virgin-sa8.jpg,1080,1920
assets/images/screenshots/virgin-sa/virgin-sa9.jpg,1080,1920
assets/images/screenshots/virgin-uae/virgin-uae0.jpg,1080,2160
assets/images/screenshots/virgin-uae/virgin-uae1.jpg,1080,2160
assets/images/screenshots/virgin-uae/virgin-uae10.jpg,1080,2160
assets/images/screenshots/virgin-uae/virgin-uae11.jpg,1080,2160
assets/images/screenshots/virgin-uae/virgin-uae12.jpg,1080,2160
assets/images/screenshots/virgin-uae/virgin-uae13.jpg,1080,2160
assets/images/screenshots/virgin-uae/virgin-uae14.jpg,1080,2160
assets/images/screenshots/virgin-uae/virgin-uae2.jpg,1080,2160
assets/images/screenshots/virgin-uae/virgin-uae3.jpg,1080,2160
assets/images/screenshots/virgin-uae/virgin-uae4.jpg,1080,2160
assets/images/screenshots/virgin-uae/virgin-uae5.jpg,1080,2160
assets/images/screenshots/virgin-uae/virgin-uae6.jpg,1080,2160
assets/images/screenshots/virgin-uae/virgin-uae7.jpg,1080,2160
assets/images/screenshots/virgin-uae/virgin-uae8.jpg,1080,2160
assets/images/screenshots/virgin-uae/virgin-uae9.jpg,1080,2160
assets/images/screenshots/wathaker/wathaker0.jpg,1080,1920
assets/images/screenshots/wathaker/wathaker1.jpg,1080,1920
assets/images/screenshots/wathaker/wathaker10.jpg,1080,1920
assets/images/screenshots/wathaker/wathaker2.jpg,1080,1920
assets/images/screenshots/wathaker/wathaker3.jpg,1080,1920
assets/images/screenshots/wathaker/wathaker4.jpg,1080,1920
assets/images/screenshots/wathaker/wathaker5.jpg,1080,1920
assets/images/screenshots/wathaker/wathaker6.jpg,1080,1920
assets/images/screenshots/wathaker/wathaker7.jpg,1080,1920
assets/images/screenshots/wathaker/wathaker8.jpg,1080,1920
assets/images/screenshots/wathaker/wathaker9.jpg,1080,1920
assets/images/screenshots/zafafi/zafafi0.jpg,1080,1920
assets/images/screenshots/zafafi/zafafi1.jpg,1080,1920
assets/images/screenshots/zafafi/zafafi10.jpg,600,1024
assets/images/screenshots/zafafi/zafafi11.jpg,600,1024
assets/images/screenshots/zafafi/zafafi2.jpg,1080,1920
assets/images/screenshots/zafafi/zafafi3.jpg,1080,1920
assets/images/screenshots/zafafi/zafafi4.jpg,1080,1920
assets/images/screenshots/zafafi/zafafi5.jpg,1080,1920
assets/images/screenshots/zafafi/zafafi6.jpg,600,1024
assets/images/screenshots/zafafi/zafafi7.jpg,600,1024
assets/images/screenshots/zafafi/zafafi8.jpg,600,1024
assets/images/screenshots/zafafi/zafafi9.jpg,600,1024
